{
"meta":{"test_sets":[],"test_metrics":[],"learn_metrics":[{"best_value":"Min","name":"Logloss"}],"launch_mode":"Train","parameters":"","iteration_count":547,"learn_sets":["learn"],"name":"experiment"},
"iterations":[
{"learn":[0.6914904785],"iteration":0,"passed_time":0.003793211917,"remaining_time":2.071093707},
{"learn":[0.6902738953],"iteration":1,"passed_time":0.007708636338,"remaining_time":2.100603402},
{"learn":[0.6885206604],"iteration":2,"passed_time":0.01129804355,"remaining_time":2.048711897},
{"learn":[0.686990509],"iteration":3,"passed_time":0.01483335733,"remaining_time":2.013628258},
{"learn":[0.6855576324],"iteration":4,"passed_time":0.01893636186,"remaining_time":2.052701626},
{"learn":[0.6844805908],"iteration":5,"passed_time":0.02420109536,"remaining_time":2.182132098},
{"learn":[0.6830259705],"iteration":6,"passed_time":0.02734345405,"remaining_time":2.10935217},
{"learn":[0.6816105652],"iteration":7,"passed_time":0.03043899625,"remaining_time":2.050827372},
{"learn":[0.6804690552],"iteration":8,"passed_time":0.04103598794,"remaining_time":2.453040168},
{"learn":[0.6792720032],"iteration":9,"passed_time":0.05081172168,"remaining_time":2.728589454},
{"learn":[0.6783061218],"iteration":10,"passed_time":0.05802996603,"remaining_time":2.827641981},
{"learn":[0.676884613],"iteration":11,"passed_time":0.07221067144,"remaining_time":3.219392435},
{"learn":[0.6754375458],"iteration":12,"passed_time":0.07808613896,"remaining_time":3.207538324},
{"learn":[0.6742887878],"iteration":13,"passed_time":0.08831609769,"remaining_time":3.362320005},
{"learn":[0.6730741882],"iteration":14,"passed_time":0.09284360397,"remaining_time":3.292853154},
{"learn":[0.6715977478],"iteration":15,"passed_time":0.1410680365,"remaining_time":4.681695461},
{"learn":[0.6705085754],"iteration":16,"passed_time":0.1716149648,"remaining_time":5.350348904},
{"learn":[0.6690950012],"iteration":17,"passed_time":0.1749828662,"remaining_time":5.142552011},
{"learn":[0.6678990936],"iteration":18,"passed_time":0.1787020622,"remaining_time":4.966036254},
{"learn":[0.6666162109],"iteration":19,"passed_time":0.1860921121,"remaining_time":4.903527154},
{"learn":[0.6654941559],"iteration":20,"passed_time":0.1889599957,"remaining_time":4.732997987},
{"learn":[0.6644744873],"iteration":21,"passed_time":0.1925352696,"remaining_time":4.594591661},
{"learn":[0.6634522247],"iteration":22,"passed_time":0.1966973419,"remaining_time":4.481278572},
{"learn":[0.6625482178],"iteration":23,"passed_time":0.2373445506,"remaining_time":5.172133331},
{"learn":[0.6617427063],"iteration":24,"passed_time":0.2409914086,"remaining_time":5.031900612},
{"learn":[0.6607324219],"iteration":25,"passed_time":0.2443921426,"remaining_time":4.897242551},
{"learn":[0.6598631287],"iteration":26,"passed_time":0.2549939062,"remaining_time":4.910993748},
{"learn":[0.6588166809],"iteration":27,"passed_time":0.2578204363,"remaining_time":4.778885944},
{"learn":[0.6576651764],"iteration":28,"passed_time":0.2651637347,"remaining_time":4.736372917},
{"learn":[0.6567093658],"iteration":29,"passed_time":0.2871438531,"remaining_time":4.948445736},
{"learn":[0.6556788635],"iteration":30,"passed_time":0.2903965801,"remaining_time":4.833697914},
{"learn":[0.6547385406],"iteration":31,"passed_time":0.3306656427,"remaining_time":5.321650187},
{"learn":[0.6540258789],"iteration":32,"passed_time":0.3341451839,"remaining_time":5.20456438},
{"learn":[0.6533168793],"iteration":33,"passed_time":0.3373183693,"remaining_time":5.089538925},
{"learn":[0.6525293732],"iteration":34,"passed_time":0.3400729338,"remaining_time":4.974781203},
{"learn":[0.6517368317],"iteration":35,"passed_time":0.3670124588,"remaining_time":5.209537957},
{"learn":[0.6509616089],"iteration":36,"passed_time":0.377522048,"remaining_time":5.203682283},
{"learn":[0.6503460693],"iteration":37,"passed_time":0.3805033239,"remaining_time":5.096741892},
{"learn":[0.6493360138],"iteration":38,"passed_time":0.3967777441,"remaining_time":5.168284462},
{"learn":[0.6483335876],"iteration":39,"passed_time":0.3996525713,"remaining_time":5.065596341},
{"learn":[0.6477522278],"iteration":40,"passed_time":0.4032823959,"remaining_time":4.977094935},
{"learn":[0.6467586517],"iteration":41,"passed_time":0.4177720755,"remaining_time":5.02321186},
{"learn":[0.6459776306],"iteration":42,"passed_time":0.436464006,"remaining_time":5.115764163},
{"learn":[0.6452503204],"iteration":43,"passed_time":0.4394198649,"remaining_time":5.023368001},
{"learn":[0.6446199036],"iteration":44,"passed_time":0.4417757481,"remaining_time":4.928253901},
{"learn":[0.6440229797],"iteration":45,"passed_time":0.4487344782,"remaining_time":4.887303774},
{"learn":[0.6433738708],"iteration":46,"passed_time":0.4619446752,"remaining_time":4.914305056},
{"learn":[0.642806778],"iteration":47,"passed_time":0.4648743724,"remaining_time":4.832756497},
{"learn":[0.6422020721],"iteration":48,"passed_time":0.4687732466,"remaining_time":4.764266873},
{"learn":[0.6415490723],"iteration":49,"passed_time":0.4731359866,"remaining_time":4.702971707},
{"learn":[0.6410941315],"iteration":50,"passed_time":0.4776018219,"remaining_time":4.644911837},
{"learn":[0.6406397247],"iteration":51,"passed_time":0.4806484675,"remaining_time":4.575403681},
{"learn":[0.6400041199],"iteration":52,"passed_time":0.4885408709,"remaining_time":4.553569626},
{"learn":[0.6393633652],"iteration":53,"passed_time":0.4916319641,"remaining_time":4.488417747},
{"learn":[0.6387207794],"iteration":54,"passed_time":0.5232115064,"remaining_time":4.680364748},
{"learn":[0.6382923508],"iteration":55,"passed_time":0.5267476031,"remaining_time":4.618447734},
{"learn":[0.6376260757],"iteration":56,"passed_time":0.5299720236,"remaining_time":4.555899852},
{"learn":[0.6371126938],"iteration":57,"passed_time":0.5358282727,"remaining_time":4.517586644},
{"learn":[0.6365464401],"iteration":58,"passed_time":0.5404231115,"remaining_time":4.469940312},
{"learn":[0.6358933258],"iteration":59,"passed_time":0.5545037776,"remaining_time":4.500722329},
{"learn":[0.6350697708],"iteration":60,"passed_time":0.5576827068,"remaining_time":4.443176975},
{"learn":[0.6346862793],"iteration":61,"passed_time":0.567484554,"remaining_time":4.439193688},
{"learn":[0.6342435455],"iteration":62,"passed_time":0.5710697172,"remaining_time":4.387265764},
{"learn":[0.63378685],"iteration":63,"passed_time":0.5846636429,"remaining_time":4.41238343},
{"learn":[0.6332273483],"iteration":64,"passed_time":0.5878277623,"remaining_time":4.358968945},
{"learn":[0.632964859],"iteration":65,"passed_time":0.590104387,"remaining_time":4.300609244},
{"learn":[0.6326554489],"iteration":66,"passed_time":0.5928057789,"remaining_time":4.246966774},
{"learn":[0.6320075226],"iteration":67,"passed_time":0.5981912009,"remaining_time":4.213729195},
{"learn":[0.6313712311],"iteration":68,"passed_time":0.6038632321,"remaining_time":4.183284419},
{"learn":[0.6309237671],"iteration":69,"passed_time":0.6067359185,"remaining_time":4.134471902},
{"learn":[0.6300292206],"iteration":70,"passed_time":0.6098679195,"remaining_time":4.088691968},
{"learn":[0.62934021],"iteration":71,"passed_time":0.6139170714,"remaining_time":4.050147346},
{"learn":[0.6289087677],"iteration":72,"passed_time":0.6407167955,"remaining_time":4.1602707},
{"learn":[0.6285703278],"iteration":73,"passed_time":0.6499184462,"remaining_time":4.154208446},
{"learn":[0.628086853],"iteration":74,"passed_time":0.6615194611,"remaining_time":4.163162475},
{"learn":[0.6272328186],"iteration":75,"passed_time":0.6659553567,"remaining_time":4.127170697},
{"learn":[0.6267189026],"iteration":76,"passed_time":0.6698669573,"remaining_time":4.088798311},
{"learn":[0.626301651],"iteration":77,"passed_time":0.6749732164,"remaining_time":4.058492801},
{"learn":[0.625617485],"iteration":78,"passed_time":0.703737647,"remaining_time":4.168977453},
{"learn":[0.6251763153],"iteration":79,"passed_time":0.7077863643,"remaining_time":4.131702902},
{"learn":[0.6248945618],"iteration":80,"passed_time":0.7216004095,"remaining_time":4.151429516},
{"learn":[0.6241157532],"iteration":81,"passed_time":0.7257321869,"remaining_time":4.115432523},
{"learn":[0.62358284],"iteration":82,"passed_time":0.7286331575,"remaining_time":4.073322712},
{"learn":[0.6230754089],"iteration":83,"passed_time":0.7473121833,"remaining_time":4.119113582},
{"learn":[0.6226746368],"iteration":84,"passed_time":0.7552261751,"remaining_time":4.104876387},
{"learn":[0.6222144318],"iteration":85,"passed_time":0.7587316094,"remaining_time":4.067154325},
{"learn":[0.6218084335],"iteration":86,"passed_time":0.7679486184,"remaining_time":4.060417982},
{"learn":[0.6215015411],"iteration":87,"passed_time":0.7722503763,"remaining_time":4.027987758},
{"learn":[0.6209965134],"iteration":88,"passed_time":0.7871267734,"remaining_time":4.05060744},
{"learn":[0.620487175],"iteration":89,"passed_time":0.8060241303,"remaining_time":4.092811417},
{"learn":[0.620090065],"iteration":90,"passed_time":0.8109997877,"remaining_time":4.063911024},
{"learn":[0.6196820068],"iteration":91,"passed_time":0.8151832993,"remaining_time":4.031613056},
{"learn":[0.6192625427],"iteration":92,"passed_time":0.8430647843,"remaining_time":4.115606581},
{"learn":[0.6188874054],"iteration":93,"passed_time":0.8526534741,"remaining_time":4.109064083},
{"learn":[0.6183800125],"iteration":94,"passed_time":0.8557719976,"remaining_time":4.071673083},
{"learn":[0.6176582336],"iteration":95,"passed_time":0.8597321791,"remaining_time":4.038950133},
{"learn":[0.6171525574],"iteration":96,"passed_time":0.8730801394,"remaining_time":4.050371781},
{"learn":[0.6167737198],"iteration":97,"passed_time":0.8914697336,"remaining_time":4.084386841},
{"learn":[0.6163994598],"iteration":98,"passed_time":0.8995195625,"remaining_time":4.070553172},
{"learn":[0.6159848022],"iteration":99,"passed_time":0.9249345393,"remaining_time":4.134457391},
{"learn":[0.6156254196],"iteration":100,"passed_time":0.9344054392,"remaining_time":4.126186395},
{"learn":[0.6153207016],"iteration":101,"passed_time":0.9386354556,"remaining_time":4.095027233},
{"learn":[0.6149631882],"iteration":102,"passed_time":0.9458477875,"remaining_time":4.077246774},
{"learn":[0.6145813751],"iteration":103,"passed_time":0.9568247751,"remaining_time":4.075705532},
{"learn":[0.6143346786],"iteration":104,"passed_time":0.9655973204,"remaining_time":4.064704911},
{"learn":[0.6140831757],"iteration":105,"passed_time":0.9703761172,"remaining_time":4.037130827},
{"learn":[0.6137826538],"iteration":106,"passed_time":1.021482537,"remaining_time":4.200488939},
{"learn":[0.6133174133],"iteration":107,"passed_time":1.037246728,"remaining_time":4.216215869},
{"learn":[0.6128025818],"iteration":108,"passed_time":1.041713394,"remaining_time":4.185967584},
{"learn":[0.6124556732],"iteration":109,"passed_time":1.048995003,"remaining_time":4.167371057},
{"learn":[0.6118217468],"iteration":110,"passed_time":1.052807865,"remaining_time":4.135353414},
{"learn":[0.6115547562],"iteration":111,"passed_time":1.085123581,"remaining_time":4.214542479},
{"learn":[0.6111004257],"iteration":112,"passed_time":1.114204418,"remaining_time":4.279333784},
{"learn":[0.6109548187],"iteration":113,"passed_time":1.125237763,"remaining_time":4.273929398},
{"learn":[0.6104846191],"iteration":114,"passed_time":1.128923722,"remaining_time":4.240826502},
{"learn":[0.6101021576],"iteration":115,"passed_time":1.133595328,"remaining_time":4.211892987},
{"learn":[0.6098249054],"iteration":116,"passed_time":1.143459191,"remaining_time":4.202456855},
{"learn":[0.6092173004],"iteration":117,"passed_time":1.148646501,"remaining_time":4.176011431},
{"learn":[0.6087084198],"iteration":118,"passed_time":1.243843622,"remaining_time":4.473656051},
{"learn":[0.6083269882],"iteration":119,"passed_time":1.248119948,"remaining_time":4.441226814},
{"learn":[0.6079677963],"iteration":120,"passed_time":1.252134589,"remaining_time":4.408341612},
{"learn":[0.6077717972],"iteration":121,"passed_time":1.263976473,"remaining_time":4.40319673},
{"learn":[0.6074482727],"iteration":122,"passed_time":1.271233615,"remaining_time":4.382138642},
{"learn":[0.6070621109],"iteration":123,"passed_time":1.287662388,"remaining_time":4.392590243},
{"learn":[0.6066304779],"iteration":124,"passed_time":1.298254625,"remaining_time":4.382907613},
{"learn":[0.6064235687],"iteration":125,"passed_time":1.388231273,"remaining_time":4.638455287},
{"learn":[0.6061425018],"iteration":126,"passed_time":1.396527733,"remaining_time":4.618438174},
{"learn":[0.6057223892],"iteration":127,"passed_time":1.401022042,"remaining_time":4.58615809},
{"learn":[0.6053725052],"iteration":128,"passed_time":1.406598241,"remaining_time":4.557814456},
{"learn":[0.6051119614],"iteration":129,"passed_time":1.413565641,"remaining_time":4.534283633},
{"learn":[0.604796524],"iteration":130,"passed_time":1.420744433,"remaining_time":4.511676979},
{"learn":[0.6045972824],"iteration":131,"passed_time":1.431290168,"remaining_time":4.499889543},
{"learn":[0.6043213654],"iteration":132,"passed_time":1.501410737,"remaining_time":4.67356425},
{"learn":[0.6041125488],"iteration":133,"passed_time":1.510518372,"remaining_time":4.655552892},
{"learn":[0.6039171219],"iteration":134,"passed_time":1.517745817,"remaining_time":4.631935382},
{"learn":[0.6038098145],"iteration":135,"passed_time":1.520956135,"remaining_time":4.596418907},
{"learn":[0.6034270859],"iteration":136,"passed_time":1.526612497,"remaining_time":4.568694333},
{"learn":[0.6029343414],"iteration":137,"passed_time":1.531871685,"remaining_time":4.540112457},
{"learn":[0.6026663971],"iteration":138,"passed_time":1.60031843,"remaining_time":4.697337548},
{"learn":[0.602463913],"iteration":139,"passed_time":1.604715057,"remaining_time":4.665135917},
{"learn":[0.6022622681],"iteration":140,"passed_time":1.608751516,"remaining_time":4.632291599},
{"learn":[0.6019599152],"iteration":141,"passed_time":1.614629442,"remaining_time":4.605105097},
{"learn":[0.6018063736],"iteration":142,"passed_time":1.622568874,"remaining_time":4.584040736},
{"learn":[0.601609726],"iteration":143,"passed_time":1.626610363,"remaining_time":4.552249834},
{"learn":[0.6011090469],"iteration":144,"passed_time":1.632212911,"remaining_time":4.525169587},
{"learn":[0.6009496307],"iteration":145,"passed_time":1.680316418,"remaining_time":4.615115642},
{"learn":[0.6006015396],"iteration":146,"passed_time":1.689394733,"remaining_time":4.596992472},
{"learn":[0.6003594208],"iteration":147,"passed_time":1.693279995,"remaining_time":4.564991338},
{"learn":[0.6000808334],"iteration":148,"passed_time":1.696366034,"remaining_time":4.531232763},
{"learn":[0.5998861313],"iteration":149,"passed_time":1.700536955,"remaining_time":4.500754476},
{"learn":[0.599707222],"iteration":150,"passed_time":1.705283264,"remaining_time":4.472133593},
{"learn":[0.599574585],"iteration":151,"passed_time":1.745517976,"remaining_time":4.536050003},
{"learn":[0.5992752457],"iteration":152,"passed_time":1.749287804,"remaining_time":4.504701927},
{"learn":[0.5989270782],"iteration":153,"passed_time":1.768058635,"remaining_time":4.511993789},
{"learn":[0.5986451721],"iteration":154,"passed_time":1.771072089,"remaining_time":4.479098444},
{"learn":[0.5983205032],"iteration":155,"passed_time":1.775436459,"remaining_time":4.44997215},
{"learn":[0.5978605652],"iteration":156,"passed_time":1.783041741,"remaining_time":4.429211969},
{"learn":[0.5976020813],"iteration":157,"passed_time":1.789665464,"remaining_time":4.406201681},
{"learn":[0.597431488],"iteration":158,"passed_time":1.798092055,"remaining_time":4.387796965},
{"learn":[0.5972061157],"iteration":159,"passed_time":1.801103514,"remaining_time":4.356419124},
{"learn":[0.5970582581],"iteration":160,"passed_time":1.804795316,"remaining_time":4.327024795},
{"learn":[0.5968532181],"iteration":161,"passed_time":1.816522351,"remaining_time":4.31704386},
{"learn":[0.5966445541],"iteration":162,"passed_time":1.822395569,"remaining_time":4.29325091},
{"learn":[0.5961837769],"iteration":163,"passed_time":1.829599224,"remaining_time":4.272783553},
{"learn":[0.5958697891],"iteration":164,"passed_time":1.83333135,"remaining_time":4.244439853},
{"learn":[0.595619812],"iteration":165,"passed_time":1.867094665,"remaining_time":4.285319684},
{"learn":[0.5952109909],"iteration":166,"passed_time":1.886756365,"remaining_time":4.293218077},
{"learn":[0.5950673676],"iteration":167,"passed_time":1.89350432,"remaining_time":4.27165558},
{"learn":[0.5947240448],"iteration":168,"passed_time":1.936053981,"remaining_time":4.33034559},
{"learn":[0.5945510864],"iteration":169,"passed_time":1.947014551,"remaining_time":4.317791092},
{"learn":[0.5942603302],"iteration":170,"passed_time":1.950701798,"remaining_time":4.289262432},
{"learn":[0.594015274],"iteration":171,"passed_time":1.954995681,"remaining_time":4.262345236},
{"learn":[0.5937965775],"iteration":172,"passed_time":1.960576991,"remaining_time":4.238472801},
{"learn":[0.5933636856],"iteration":173,"passed_time":1.967252719,"remaining_time":4.217156691},
{"learn":[0.593215332],"iteration":174,"passed_time":2.032875643,"remaining_time":4.321312795},
{"learn":[0.5929385757],"iteration":175,"passed_time":2.079891802,"remaining_time":4.384317379},
{"learn":[0.5927387238],"iteration":176,"passed_time":2.083199468,"remaining_time":4.354710752},
{"learn":[0.5925227737],"iteration":177,"passed_time":2.087768268,"remaining_time":4.328013993},
{"learn":[0.5924346161],"iteration":178,"passed_time":2.109023216,"remaining_time":4.335868959},
{"learn":[0.5922507477],"iteration":179,"passed_time":2.127413261,"remaining_time":4.33755926},
{"learn":[0.5919920349],"iteration":180,"passed_time":2.14186639,"remaining_time":4.331066844},
{"learn":[0.5918621826],"iteration":181,"passed_time":2.145980177,"remaining_time":4.303751453},
{"learn":[0.5914481354],"iteration":182,"passed_time":2.229813981,"remaining_time":4.43525841},
{"learn":[0.5911637878],"iteration":183,"passed_time":2.237137607,"remaining_time":4.41348343},
{"learn":[0.5909716797],"iteration":184,"passed_time":2.253139142,"remaining_time":4.40884524},
{"learn":[0.5907777405],"iteration":185,"passed_time":2.256760565,"remaining_time":4.380056796},
{"learn":[0.5906580353],"iteration":186,"passed_time":2.260540822,"remaining_time":4.351843294},
{"learn":[0.5904418945],"iteration":187,"passed_time":2.266195409,"remaining_time":4.327468894},
{"learn":[0.5903051758],"iteration":188,"passed_time":2.2702208,"remaining_time":4.300206595},
{"learn":[0.5900859833],"iteration":189,"passed_time":2.320882629,"remaining_time":4.360816309},
{"learn":[0.5898155594],"iteration":190,"passed_time":2.323787953,"remaining_time":4.33124875},
{"learn":[0.5896166229],"iteration":191,"passed_time":2.336526334,"remaining_time":4.320139836},
{"learn":[0.5894329453],"iteration":192,"passed_time":2.339524381,"remaining_time":4.291148346},
{"learn":[0.5891732788],"iteration":193,"passed_time":2.34221474,"remaining_time":4.261864964},
{"learn":[0.5890157318],"iteration":194,"passed_time":2.352257422,"remaining_time":4.246126219},
{"learn":[0.5886820602],"iteration":195,"passed_time":2.355161887,"remaining_time":4.217662359},
{"learn":[0.5884333038],"iteration":196,"passed_time":2.358514808,"remaining_time":4.190254734},
{"learn":[0.5882506561],"iteration":197,"passed_time":2.420403133,"remaining_time":4.266266128},
{"learn":[0.5881346512],"iteration":198,"passed_time":2.423373612,"remaining_time":4.237859381},
{"learn":[0.5878417206],"iteration":199,"passed_time":2.432246257,"remaining_time":4.219947256},
{"learn":[0.5876706696],"iteration":200,"passed_time":2.43803146,"remaining_time":4.196810375},
{"learn":[0.5874915314],"iteration":201,"passed_time":2.444882027,"remaining_time":4.175664848},
{"learn":[0.5872985458],"iteration":202,"passed_time":2.451423498,"remaining_time":4.154136371},
{"learn":[0.5871289825],"iteration":203,"passed_time":2.454479569,"remaining_time":4.126894569},
{"learn":[0.5870172882],"iteration":204,"passed_time":2.458639705,"remaining_time":4.101730629},
{"learn":[0.5868768692],"iteration":205,"passed_time":2.544823392,"remaining_time":4.21254746},
{"learn":[0.5866400528],"iteration":206,"passed_time":2.549374322,"remaining_time":4.187378114},
{"learn":[0.5863853455],"iteration":207,"passed_time":2.552358176,"remaining_time":4.15985299},
{"learn":[0.5860482407],"iteration":208,"passed_time":2.557814264,"remaining_time":4.136560867},
{"learn":[0.5858876419],"iteration":209,"passed_time":2.563100213,"remaining_time":4.11316558},
{"learn":[0.5856330109],"iteration":210,"passed_time":2.566472576,"remaining_time":4.086894718},
{"learn":[0.5853341675],"iteration":211,"passed_time":2.569465373,"remaining_time":4.060240094},
{"learn":[0.5849752045],"iteration":212,"passed_time":2.579544054,"remaining_time":4.044918844},
{"learn":[0.5847741699],"iteration":213,"passed_time":2.583383988,"remaining_time":4.019938636},
{"learn":[0.5844804382],"iteration":214,"passed_time":2.650476592,"remaining_time":4.09282897},
{"learn":[0.5843265152],"iteration":215,"passed_time":2.661215959,"remaining_time":4.078067048},
{"learn":[0.5841088867],"iteration":216,"passed_time":2.66516665,"remaining_time":4.053018408},
{"learn":[0.583955574],"iteration":217,"passed_time":2.66920389,"remaining_time":4.028293945},
{"learn":[0.5838342285],"iteration":218,"passed_time":2.677651893,"remaining_time":4.01036448},
{"learn":[0.5834713745],"iteration":219,"passed_time":2.680993144,"remaining_time":3.984930718},
{"learn":[0.5832809448],"iteration":220,"passed_time":2.684415303,"remaining_time":3.959816239},
{"learn":[0.5831225967],"iteration":221,"passed_time":2.745174896,"remaining_time":4.018837122},
{"learn":[0.5830037308],"iteration":222,"passed_time":2.755358409,"remaining_time":4.003301006},
{"learn":[0.5827684021],"iteration":223,"passed_time":2.775017378,"remaining_time":4.001475951},
{"learn":[0.5825603485],"iteration":224,"passed_time":2.793255774,"remaining_time":3.997459374},
{"learn":[0.5823750687],"iteration":225,"passed_time":2.798359691,"remaining_time":3.974661332},
{"learn":[0.5821520233],"iteration":226,"passed_time":2.805981894,"remaining_time":3.95556919},
{"learn":[0.581969223],"iteration":227,"passed_time":2.813599758,"remaining_time":3.936571591},
{"learn":[0.5818196487],"iteration":228,"passed_time":2.82354903,"remaining_time":3.92091088},
{"learn":[0.5816246033],"iteration":229,"passed_time":2.828438676,"remaining_time":3.89832635},
{"learn":[0.5814131165],"iteration":230,"passed_time":2.835654863,"remaining_time":3.879077649},
{"learn":[0.5811969757],"iteration":231,"passed_time":2.842294592,"remaining_time":3.859149984},
{"learn":[0.5810246277],"iteration":232,"passed_time":2.852585328,"remaining_time":3.844256622},
{"learn":[0.5807929611],"iteration":233,"passed_time":2.85897322,"remaining_time":3.824182128},
{"learn":[0.5806072617],"iteration":234,"passed_time":2.869311179,"remaining_time":3.809468459},
{"learn":[0.5804407883],"iteration":235,"passed_time":2.896440889,"remaining_time":3.816919985},
{"learn":[0.5803025818],"iteration":236,"passed_time":2.923370464,"remaining_time":3.823817907},
{"learn":[0.5800510406],"iteration":237,"passed_time":2.927038976,"remaining_time":3.800231276},
{"learn":[0.579875412],"iteration":238,"passed_time":2.931355831,"remaining_time":3.777646845},
{"learn":[0.5797496796],"iteration":239,"passed_time":2.937685288,"remaining_time":3.757789097},
{"learn":[0.5796084213],"iteration":240,"passed_time":2.944785643,"remaining_time":3.739022434},
{"learn":[0.5793915558],"iteration":241,"passed_time":2.950567687,"remaining_time":3.71869068},
{"learn":[0.5792378998],"iteration":242,"passed_time":2.98760837,"remaining_time":3.737584134},
{"learn":[0.5789882278],"iteration":243,"passed_time":2.994469903,"remaining_time":3.718542544},
{"learn":[0.5788669586],"iteration":244,"passed_time":2.997720185,"remaining_time":3.695148963},
{"learn":[0.5787317276],"iteration":245,"passed_time":3.018799922,"remaining_time":3.693734863},
{"learn":[0.5785004425],"iteration":246,"passed_time":3.033598811,"remaining_time":3.684532968},
{"learn":[0.5783787537],"iteration":247,"passed_time":3.048047397,"remaining_time":3.674863596},
{"learn":[0.5782285309],"iteration":248,"passed_time":3.051748096,"remaining_time":3.652292902},
{"learn":[0.5780278778],"iteration":249,"passed_time":3.059016178,"remaining_time":3.634111219},
{"learn":[0.577879715],"iteration":250,"passed_time":3.06263075,"remaining_time":3.611707976},
{"learn":[0.5775282669],"iteration":251,"passed_time":3.066471432,"remaining_time":3.589718541},
{"learn":[0.5773192978],"iteration":252,"passed_time":3.08550293,"remaining_time":3.585525144},
{"learn":[0.5771507263],"iteration":253,"passed_time":3.092591962,"remaining_time":3.56743876},
{"learn":[0.5770083618],"iteration":254,"passed_time":3.095560765,"remaining_time":3.544720563},
{"learn":[0.5768522644],"iteration":255,"passed_time":3.098609384,"remaining_time":3.522247386},
{"learn":[0.5766746902],"iteration":256,"passed_time":3.107390849,"remaining_time":3.506394343},
{"learn":[0.5764842987],"iteration":257,"passed_time":3.110464278,"remaining_time":3.484202234},
{"learn":[0.576366272],"iteration":258,"passed_time":3.113282126,"remaining_time":3.461873561},
{"learn":[0.5761806107],"iteration":259,"passed_time":3.127704304,"remaining_time":3.452504366},
{"learn":[0.5760944748],"iteration":260,"passed_time":3.131044732,"remaining_time":3.430953232},
{"learn":[0.5759304047],"iteration":261,"passed_time":3.148507268,"remaining_time":3.424902945},
{"learn":[0.5756698227],"iteration":262,"passed_time":3.154581451,"remaining_time":3.406468183},
{"learn":[0.5753675461],"iteration":263,"passed_time":3.158127306,"remaining_time":3.385416772},
{"learn":[0.5752039719],"iteration":264,"passed_time":3.161323862,"remaining_time":3.36412577},
{"learn":[0.5750921631],"iteration":265,"passed_time":3.187561003,"remaining_time":3.367310684},
{"learn":[0.5749177551],"iteration":266,"passed_time":3.190694207,"remaining_time":3.34604636},
{"learn":[0.5746110153],"iteration":267,"passed_time":3.194159175,"remaining_time":3.325262724},
{"learn":[0.5744862366],"iteration":268,"passed_time":3.200975808,"remaining_time":3.308071653},
{"learn":[0.5743660355],"iteration":269,"passed_time":3.20477849,"remaining_time":3.28786534},
{"learn":[0.5741628265],"iteration":270,"passed_time":3.208860406,"remaining_time":3.268064472},
{"learn":[0.5740764999],"iteration":271,"passed_time":3.212141818,"remaining_time":3.247569853},
{"learn":[0.573937912],"iteration":272,"passed_time":3.219812972,"remaining_time":3.231607159},
{"learn":[0.5736869431],"iteration":273,"passed_time":3.251581235,"remaining_time":3.23971415},
{"learn":[0.5734664917],"iteration":274,"passed_time":3.287491144,"remaining_time":3.251627604},
{"learn":[0.573359108],"iteration":275,"passed_time":3.292031592,"remaining_time":3.232393339},
{"learn":[0.5731460571],"iteration":276,"passed_time":3.295616399,"remaining_time":3.212333674},
{"learn":[0.5729256439],"iteration":277,"passed_time":3.322610389,"remaining_time":3.215043865},
{"learn":[0.5727727509],"iteration":278,"passed_time":3.32657699,"remaining_time":3.195421625},
{"learn":[0.5725681305],"iteration":279,"passed_time":3.336927811,"remaining_time":3.18199902},
{"learn":[0.5722868347],"iteration":280,"passed_time":3.354712698,"remaining_time":3.175635508},
{"learn":[0.5722006226],"iteration":281,"passed_time":3.361577256,"remaining_time":3.158928982},
{"learn":[0.5721253204],"iteration":282,"passed_time":3.36637845,"remaining_time":3.140367176},
{"learn":[0.5719010162],"iteration":283,"passed_time":3.400067735,"remaining_time":3.148654276},
{"learn":[0.5717414093],"iteration":284,"passed_time":3.420090719,"remaining_time":3.144083397},
{"learn":[0.5715174103],"iteration":285,"passed_time":3.429631769,"remaining_time":3.129838782},
{"learn":[0.5714428711],"iteration":286,"passed_time":3.43367226,"remaining_time":3.110643859},
{"learn":[0.5713311005],"iteration":287,"passed_time":3.43770824,"remaining_time":3.091550118},
{"learn":[0.5712094498],"iteration":288,"passed_time":3.445970973,"remaining_time":3.076333948},
{"learn":[0.5709802246],"iteration":289,"passed_time":3.449505302,"remaining_time":3.056975388},
{"learn":[0.5707414627],"iteration":290,"passed_time":3.478290842,"remaining_time":3.05993971},
{"learn":[0.5705810928],"iteration":291,"passed_time":3.496874444,"remaining_time":3.05377734},
{"learn":[0.5703460693],"iteration":292,"passed_time":3.50826331,"remaining_time":3.041293108},
{"learn":[0.5701381302],"iteration":293,"passed_time":3.512038709,"remaining_time":3.022264603},
{"learn":[0.5699836731],"iteration":294,"passed_time":3.515429182,"remaining_time":3.003010691},
{"learn":[0.5698216629],"iteration":295,"passed_time":3.529786533,"remaining_time":2.99316358},
{"learn":[0.5696346664],"iteration":296,"passed_time":3.559239775,"remaining_time":2.995993077},
{"learn":[0.56951828],"iteration":297,"passed_time":3.56251758,"remaining_time":2.976734488},
{"learn":[0.569234314],"iteration":298,"passed_time":3.565762447,"remaining_time":2.957555474},
{"learn":[0.5691024017],"iteration":299,"passed_time":3.571714524,"remaining_time":2.940711625},
{"learn":[0.5689266205],"iteration":300,"passed_time":3.576236845,"remaining_time":2.922771641},
{"learn":[0.5687372971],"iteration":301,"passed_time":3.596964266,"remaining_time":2.918067037},
{"learn":[0.5685575867],"iteration":302,"passed_time":3.604411895,"remaining_time":2.902562714},
{"learn":[0.568396759],"iteration":303,"passed_time":3.612000844,"remaining_time":2.887224359},
{"learn":[0.5680612183],"iteration":304,"passed_time":3.624994237,"remaining_time":2.876224935},
{"learn":[0.5679503632],"iteration":305,"passed_time":3.628491769,"remaining_time":2.857733713},
{"learn":[0.5678210831],"iteration":306,"passed_time":3.645238933,"remaining_time":2.849698189},
{"learn":[0.5677523804],"iteration":307,"passed_time":3.652889152,"remaining_time":2.834547102},
{"learn":[0.567616539],"iteration":308,"passed_time":3.67382611,"remaining_time":2.829678363},
{"learn":[0.5675182343],"iteration":309,"passed_time":3.67874791,"remaining_time":2.812462112},
{"learn":[0.567424736],"iteration":310,"passed_time":3.683869556,"remaining_time":2.795476576},
{"learn":[0.5672201157],"iteration":311,"passed_time":3.696864382,"remaining_time":2.78449721},
{"learn":[0.5670692444],"iteration":312,"passed_time":3.707244105,"remaining_time":2.771549906},
{"learn":[0.5669116592],"iteration":313,"passed_time":3.718287758,"remaining_time":2.759111616},
{"learn":[0.5667093658],"iteration":314,"passed_time":3.770160027,"remaining_time":2.776752781},
{"learn":[0.5665216827],"iteration":315,"passed_time":3.773281154,"remaining_time":2.758316287},
{"learn":[0.5662966156],"iteration":316,"passed_time":3.796416614,"remaining_time":2.754497859},
{"learn":[0.5661699295],"iteration":317,"passed_time":3.799297196,"remaining_time":2.73597188},
{"learn":[0.566010437],"iteration":318,"passed_time":3.809251004,"remaining_time":2.722599463},
{"learn":[0.5658272171],"iteration":319,"passed_time":3.822561987,"remaining_time":2.711629909},
{"learn":[0.5657300568],"iteration":320,"passed_time":3.826004685,"remaining_time":2.693698003},
{"learn":[0.5655091858],"iteration":321,"passed_time":3.872793709,"remaining_time":2.706144672},
{"learn":[0.5652719116],"iteration":322,"passed_time":3.93833453,"remaining_time":2.7312289},
{"learn":[0.5650069427],"iteration":323,"passed_time":3.941799549,"remaining_time":2.713028702},
{"learn":[0.5648325729],"iteration":324,"passed_time":3.94461861,"remaining_time":2.694477943},
{"learn":[0.5646438599],"iteration":325,"passed_time":3.947628641,"remaining_time":2.676153158},
{"learn":[0.5644262695],"iteration":326,"passed_time":3.952083005,"remaining_time":2.658893765},
{"learn":[0.5643408966],"iteration":327,"passed_time":3.955309787,"remaining_time":2.640892815},
{"learn":[0.5639506531],"iteration":328,"passed_time":3.958197004,"remaining_time":2.622756677},
{"learn":[0.5637853241],"iteration":329,"passed_time":3.966776957,"remaining_time":2.608456363},
{"learn":[0.563666153],"iteration":330,"passed_time":3.970155985,"remaining_time":2.590796655},
{"learn":[0.5634965897],"iteration":331,"passed_time":3.986667034,"remaining_time":2.581727145},
{"learn":[0.5633773804],"iteration":332,"passed_time":3.990276949,"remaining_time":2.564322123},
{"learn":[0.5632974243],"iteration":333,"passed_time":3.998255199,"remaining_time":2.549785501},
{"learn":[0.5631039429],"iteration":334,"passed_time":4.001478928,"remaining_time":2.532279202},
{"learn":[0.5629606247],"iteration":335,"passed_time":4.004518341,"remaining_time":2.514742172},
{"learn":[0.5627846527],"iteration":336,"passed_time":4.013968173,"remaining_time":2.501285805},
{"learn":[0.5625771332],"iteration":337,"passed_time":4.017631449,"remaining_time":2.484275067},
{"learn":[0.5624568939],"iteration":338,"passed_time":4.02126315,"remaining_time":2.467323702},
{"learn":[0.5622398376],"iteration":339,"passed_time":4.037750955,"remaining_time":2.458277787},
{"learn":[0.5620747375],"iteration":340,"passed_time":4.068329534,"remaining_time":2.45770054},
{"learn":[0.5618714523],"iteration":341,"passed_time":4.07754231,"remaining_time":2.444140858},
{"learn":[0.5616618347],"iteration":342,"passed_time":4.081805045,"remaining_time":2.427662476},
{"learn":[0.5615137482],"iteration":343,"passed_time":4.08604169,"remaining_time":2.411239719},
{"learn":[0.5613733292],"iteration":344,"passed_time":4.096731938,"remaining_time":2.398666236},
{"learn":[0.5612046814],"iteration":345,"passed_time":4.119378783,"remaining_time":2.393049525},
{"learn":[0.5610684967],"iteration":346,"passed_time":4.129264169,"remaining_time":2.379979348},
{"learn":[0.560992775],"iteration":347,"passed_time":4.132546136,"remaining_time":2.363151382},
{"learn":[0.5608101654],"iteration":348,"passed_time":4.146548235,"remaining_time":2.352482953},
{"learn":[0.5607339478],"iteration":349,"passed_time":4.15865891,"remaining_time":2.340730872},
{"learn":[0.560524025],"iteration":350,"passed_time":4.162020702,"remaining_time":2.324091332},
{"learn":[0.5604612732],"iteration":351,"passed_time":4.180777291,"remaining_time":2.316055601},
{"learn":[0.5602087402],"iteration":352,"passed_time":4.184573622,"remaining_time":2.299737345},
{"learn":[0.5600349808],"iteration":353,"passed_time":4.189193804,"remaining_time":2.283938995},
{"learn":[0.559925766],"iteration":354,"passed_time":4.192446665,"remaining_time":2.267464112},
{"learn":[0.5597643661],"iteration":355,"passed_time":4.195714988,"remaining_time":2.251071806},
{"learn":[0.5596633148],"iteration":356,"passed_time":4.212556978,"remaining_time":2.241977103},
{"learn":[0.5595381165],"iteration":357,"passed_time":4.23012094,"remaining_time":2.233220273},
{"learn":[0.5594200134],"iteration":358,"passed_time":4.233331819,"remaining_time":2.216898},
{"learn":[0.559302063],"iteration":359,"passed_time":4.236409585,"remaining_time":2.200579423},
{"learn":[0.5591309738],"iteration":360,"passed_time":4.250937842,"remaining_time":2.190233902},
{"learn":[0.5590196991],"iteration":361,"passed_time":4.258010262,"remaining_time":2.176054968},
{"learn":[0.5588536072],"iteration":362,"passed_time":4.265251162,"remaining_time":2.162000589},
{"learn":[0.5587484741],"iteration":363,"passed_time":4.280249084,"remaining_time":2.151883468},
{"learn":[0.5586008453],"iteration":364,"passed_time":4.289651978,"remaining_time":2.138949754},
{"learn":[0.5584711456],"iteration":365,"passed_time":4.306883962,"remaining_time":2.129907096},
{"learn":[0.5583909607],"iteration":366,"passed_time":4.320597779,"remaining_time":2.119094279},
{"learn":[0.5582460022],"iteration":367,"passed_time":4.323881093,"remaining_time":2.103192162},
{"learn":[0.558078804],"iteration":368,"passed_time":4.328574181,"remaining_time":2.088038494},
{"learn":[0.5579675293],"iteration":369,"passed_time":4.382651231,"remaining_time":2.096565589},
{"learn":[0.5578926849],"iteration":370,"passed_time":4.398079647,"remaining_time":2.086420533},
{"learn":[0.5578295898],"iteration":371,"passed_time":4.404528913,"remaining_time":2.07202301},
{"learn":[0.5576568604],"iteration":372,"passed_time":4.417339094,"remaining_time":2.060635395},
{"learn":[0.557582283],"iteration":373,"passed_time":4.420463601,"remaining_time":2.044759901},
{"learn":[0.55750103],"iteration":374,"passed_time":4.426679763,"remaining_time":2.030370451},
{"learn":[0.5573709869],"iteration":375,"passed_time":4.42993092,"remaining_time":2.01467603},
{"learn":[0.5572496796],"iteration":376,"passed_time":4.432879219,"remaining_time":1.998911054},
{"learn":[0.5570907974],"iteration":377,"passed_time":4.477154754,"remaining_time":2.001690882},
{"learn":[0.5569673157],"iteration":378,"passed_time":4.485359328,"remaining_time":1.988233159},
{"learn":[0.5566936111],"iteration":379,"passed_time":4.488502369,"remaining_time":1.972578673},
{"learn":[0.5565693283],"iteration":380,"passed_time":4.49393346,"remaining_time":1.957986757},
{"learn":[0.5565156555],"iteration":381,"passed_time":4.498013777,"remaining_time":1.942859354},
{"learn":[0.5563162994],"iteration":382,"passed_time":4.501642628,"remaining_time":1.927596321},
{"learn":[0.5562223434],"iteration":383,"passed_time":4.504684239,"remaining_time":1.912144612},
{"learn":[0.5560297394],"iteration":384,"passed_time":4.532610622,"remaining_time":1.907228366},
{"learn":[0.5558343506],"iteration":385,"passed_time":4.551123889,"remaining_time":1.8982667},
{"learn":[0.5557294464],"iteration":386,"passed_time":4.554066363,"remaining_time":1.882818135},
{"learn":[0.555518837],"iteration":387,"passed_time":4.561899709,"remaining_time":1.869438283},
{"learn":[0.555427475],"iteration":388,"passed_time":4.564976415,"remaining_time":1.854154945},
{"learn":[0.5552245331],"iteration":389,"passed_time":4.568138301,"remaining_time":1.838968495},
{"learn":[0.5550809479],"iteration":390,"passed_time":4.574159986,"remaining_time":1.824984547},
{"learn":[0.5549045563],"iteration":391,"passed_time":4.577336654,"remaining_time":1.809916279},
{"learn":[0.5546350861],"iteration":392,"passed_time":4.64318596,"remaining_time":1.819467272},
{"learn":[0.5545348358],"iteration":393,"passed_time":4.651640198,"remaining_time":1.80634759},
{"learn":[0.5543114853],"iteration":394,"passed_time":4.658245433,"remaining_time":1.792540015},
{"learn":[0.5542194366],"iteration":395,"passed_time":4.67942696,"remaining_time":1.784326947},
{"learn":[0.5540493393],"iteration":396,"passed_time":4.705554392,"remaining_time":1.777917276},
{"learn":[0.5538678741],"iteration":397,"passed_time":4.708932949,"remaining_time":1.762891983},
{"learn":[0.5537251282],"iteration":398,"passed_time":4.712185256,"remaining_time":1.74787824},
{"learn":[0.5536187744],"iteration":399,"passed_time":4.715175083,"remaining_time":1.732826843},
{"learn":[0.5534828949],"iteration":400,"passed_time":4.722088321,"remaining_time":1.719264077},
{"learn":[0.5533338165],"iteration":401,"passed_time":4.725404901,"remaining_time":1.704437091},
{"learn":[0.5531752014],"iteration":402,"passed_time":4.742151046,"remaining_time":1.694465882},
{"learn":[0.5530848694],"iteration":403,"passed_time":4.755472098,"remaining_time":1.683248787},
{"learn":[0.5529696655],"iteration":404,"passed_time":4.772334265,"remaining_time":1.673262878},
{"learn":[0.5528323364],"iteration":405,"passed_time":4.796673327,"remaining_time":1.665839751},
{"learn":[0.5526806259],"iteration":406,"passed_time":4.803388299,"remaining_time":1.652271159},
{"learn":[0.5525013733],"iteration":407,"passed_time":4.806146014,"remaining_time":1.63738798},
{"learn":[0.5524282837],"iteration":408,"passed_time":4.808798198,"remaining_time":1.622528487},
{"learn":[0.5522082138],"iteration":409,"passed_time":4.812036172,"remaining_time":1.607924282},
{"learn":[0.5520211411],"iteration":410,"passed_time":4.821440174,"remaining_time":1.595415727},
{"learn":[0.5519161606],"iteration":411,"passed_time":4.824945349,"remaining_time":1.580989374},
{"learn":[0.5518616104],"iteration":412,"passed_time":4.82801396,"remaining_time":1.566474263},
{"learn":[0.5517131424],"iteration":413,"passed_time":4.836843968,"remaining_time":1.553865333},
{"learn":[0.5516075134],"iteration":414,"passed_time":4.887537465,"remaining_time":1.55459023},
{"learn":[0.5514907837],"iteration":415,"passed_time":4.891806442,"remaining_time":1.540448663},
{"learn":[0.5513272095],"iteration":416,"passed_time":4.896860669,"remaining_time":1.526599249},
{"learn":[0.5512195587],"iteration":417,"passed_time":4.902508864,"remaining_time":1.512975224},
{"learn":[0.5510884094],"iteration":418,"passed_time":4.905833325,"remaining_time":1.498679393},
{"learn":[0.5509083557],"iteration":419,"passed_time":4.909058801,"remaining_time":1.484405875},
{"learn":[0.5507952118],"iteration":420,"passed_time":4.942512555,"remaining_time":1.479231786},
{"learn":[0.5506061554],"iteration":421,"passed_time":4.958771239,"remaining_time":1.468830343},
{"learn":[0.5504759216],"iteration":422,"passed_time":4.974462965,"remaining_time":1.458235006},
{"learn":[0.5503948212],"iteration":423,"passed_time":4.996837585,"remaining_time":1.449554299},
{"learn":[0.5502325439],"iteration":424,"passed_time":5.000069213,"remaining_time":1.435313986},
{"learn":[0.5501221466],"iteration":425,"passed_time":5.00304732,"remaining_time":1.421053347},
{"learn":[0.5500198746],"iteration":426,"passed_time":5.008220692,"remaining_time":1.407462489},
{"learn":[0.5497840118],"iteration":427,"passed_time":5.017865631,"remaining_time":1.395154229},
{"learn":[0.5496271896],"iteration":428,"passed_time":5.020818582,"remaining_time":1.381017699},
{"learn":[0.5495572662],"iteration":429,"passed_time":5.051038723,"remaining_time":1.374352397},
{"learn":[0.5494302368],"iteration":430,"passed_time":5.062884573,"remaining_time":1.362632507},
{"learn":[0.5492093658],"iteration":431,"passed_time":5.066668933,"remaining_time":1.348766036},
{"learn":[0.5490368652],"iteration":432,"passed_time":5.072018126,"remaining_time":1.335358121},
{"learn":[0.5489120483],"iteration":433,"passed_time":5.127478937,"remaining_time":1.335034838},
{"learn":[0.5488288116],"iteration":434,"passed_time":5.130552744,"remaining_time":1.320969902},
{"learn":[0.5487432861],"iteration":435,"passed_time":5.148384611,"remaining_time":1.310712596},
{"learn":[0.5485664749],"iteration":436,"passed_time":5.156752481,"remaining_time":1.298038382},
{"learn":[0.5483854675],"iteration":437,"passed_time":5.180833091,"remaining_time":1.28929408},
{"learn":[0.5481983948],"iteration":438,"passed_time":5.186771925,"remaining_time":1.276016783},
{"learn":[0.5481280899],"iteration":439,"passed_time":5.213504584,"remaining_time":1.267829524},
{"learn":[0.5480416107],"iteration":440,"passed_time":5.220729516,"remaining_time":1.254869226},
{"learn":[0.5478380203],"iteration":441,"passed_time":5.223751259,"remaining_time":1.240936385},
{"learn":[0.5477129364],"iteration":442,"passed_time":5.226725198,"remaining_time":1.227041581},
{"learn":[0.5475379181],"iteration":443,"passed_time":5.229628794,"remaining_time":1.213179653},
{"learn":[0.5474198151],"iteration":444,"passed_time":5.238099713,"remaining_time":1.20064308},
{"learn":[0.547276268],"iteration":445,"passed_time":5.241262865,"remaining_time":1.186922756},
{"learn":[0.5471257019],"iteration":446,"passed_time":5.244454609,"remaining_time":1.173256065},
{"learn":[0.5470558548],"iteration":447,"passed_time":5.247643107,"remaining_time":1.159635419},
{"learn":[0.5469197083],"iteration":448,"passed_time":5.27463666,"remaining_time":1.151256999},
{"learn":[0.5467976761],"iteration":449,"passed_time":5.279447884,"remaining_time":1.138014322},
{"learn":[0.5466896057],"iteration":450,"passed_time":5.370168174,"remaining_time":1.143095665},
{"learn":[0.5466044998],"iteration":451,"passed_time":5.374263304,"remaining_time":1.129546491},
{"learn":[0.5465111542],"iteration":452,"passed_time":5.405790226,"remaining_time":1.121731305},
{"learn":[0.5464130402],"iteration":453,"passed_time":5.409484146,"remaining_time":1.108110188},
{"learn":[0.5463089752],"iteration":454,"passed_time":5.415874421,"remaining_time":1.095077905},
{"learn":[0.5461125183],"iteration":455,"passed_time":5.420359556,"remaining_time":1.081694561},
{"learn":[0.5459238052],"iteration":456,"passed_time":5.424440246,"remaining_time":1.068270508},
{"learn":[0.5457612991],"iteration":457,"passed_time":5.430191901,"remaining_time":1.055211963},
{"learn":[0.5456736755],"iteration":458,"passed_time":5.434380713,"remaining_time":1.041885627},
{"learn":[0.5455179214],"iteration":459,"passed_time":5.459334727,"remaining_time":1.03252635},
{"learn":[0.5453951645],"iteration":460,"passed_time":5.474136849,"remaining_time":1.021205573},
{"learn":[0.5452615356],"iteration":461,"passed_time":5.480974323,"remaining_time":1.008404367},
{"learn":[0.5452030182],"iteration":462,"passed_time":5.484541121,"remaining_time":0.9950355381},
{"learn":[0.5450333405],"iteration":463,"passed_time":5.488046874,"remaining_time":0.98169804},
{"learn":[0.5449077606],"iteration":464,"passed_time":5.491611644,"remaining_time":0.9684132361},
{"learn":[0.5447694016],"iteration":465,"passed_time":5.498158942,"remaining_time":0.9556885715},
{"learn":[0.5445921326],"iteration":466,"passed_time":5.503244246,"remaining_time":0.9427399137},
{"learn":[0.5444415283],"iteration":467,"passed_time":5.506650487,"remaining_time":0.9295414283},
{"learn":[0.5442597198],"iteration":468,"passed_time":5.566621164,"remaining_time":0.9257920059},
{"learn":[0.5441832733],"iteration":469,"passed_time":5.569492717,"remaining_time":0.9124488069},
{"learn":[0.5440729141],"iteration":470,"passed_time":5.572486555,"remaining_time":0.899169805},
{"learn":[0.5439923859],"iteration":471,"passed_time":5.577660466,"remaining_time":0.8862807943},
{"learn":[0.5438855743],"iteration":472,"passed_time":5.582231853,"remaining_time":0.8733301419},
{"learn":[0.5437916565],"iteration":473,"passed_time":5.585983121,"remaining_time":0.8602885397},
{"learn":[0.5437041855],"iteration":474,"passed_time":5.591005255,"remaining_time":0.8474786912},
{"learn":[0.5435936737],"iteration":475,"passed_time":5.63548941,"remaining_time":0.8405877062},
{"learn":[0.5434321213],"iteration":476,"passed_time":5.64105361,"remaining_time":0.8278275738},
{"learn":[0.5432739258],"iteration":477,"passed_time":5.654704876,"remaining_time":0.8162649298},
{"learn":[0.5431244659],"iteration":478,"passed_time":5.662296178,"remaining_time":0.8038332778},
{"learn":[0.5430978394],"iteration":479,"passed_time":5.664766681,"remaining_time":0.7907070159},
{"learn":[0.5430129242],"iteration":480,"passed_time":5.667723591,"remaining_time":0.7776918025},
{"learn":[0.5428666687],"iteration":481,"passed_time":5.67062515,"remaining_time":0.7647108605},
{"learn":[0.5427269745],"iteration":482,"passed_time":5.695679405,"remaining_time":0.754707002},
{"learn":[0.5425405121],"iteration":483,"passed_time":5.731492604,"remaining_time":0.7460413926},
{"learn":[0.5423890686],"iteration":484,"passed_time":5.734978783,"remaining_time":0.7331313084},
{"learn":[0.5422341537],"iteration":485,"passed_time":5.795886887,"remaining_time":0.7274672841},
{"learn":[0.542069397],"iteration":486,"passed_time":5.798914163,"remaining_time":0.7144452768},
{"learn":[0.5419419098],"iteration":487,"passed_time":5.811443425,"remaining_time":0.7026130371},
{"learn":[0.5417566681],"iteration":488,"passed_time":5.815933771,"remaining_time":0.6898244555},
{"learn":[0.5415906525],"iteration":489,"passed_time":5.827690564,"remaining_time":0.6779150248},
{"learn":[0.5414928055],"iteration":490,"passed_time":5.850275052,"remaining_time":0.6672411465},
{"learn":[0.5414147186],"iteration":491,"passed_time":5.854383,"remaining_time":0.6544533841},
{"learn":[0.5412394333],"iteration":492,"passed_time":5.857339714,"remaining_time":0.6415747354},
{"learn":[0.5410991669],"iteration":493,"passed_time":5.860276652,"remaining_time":0.6287341347},
{"learn":[0.5409004974],"iteration":494,"passed_time":5.888648584,"remaining_time":0.6186055078},
{"learn":[0.5408097076],"iteration":495,"passed_time":5.892768273,"remaining_time":0.6059096409},
{"learn":[0.5406354904],"iteration":496,"passed_time":5.901684318,"remaining_time":0.5937308167},
{"learn":[0.5405015564],"iteration":497,"passed_time":5.906498321,"remaining_time":0.5811614814},
{"learn":[0.5404319],"iteration":498,"passed_time":5.911213338,"remaining_time":0.5686137078},
{"learn":[0.540297699],"iteration":499,"passed_time":5.928583717,"remaining_time":0.5572868694},
{"learn":[0.5402030182],"iteration":500,"passed_time":5.942961567,"remaining_time":0.5456611419},
{"learn":[0.540031662],"iteration":501,"passed_time":5.961259106,"remaining_time":0.5343758162},
{"learn":[0.5399331665],"iteration":502,"passed_time":5.964440025,"remaining_time":0.5217402805},
{"learn":[0.5398046112],"iteration":503,"passed_time":5.967588407,"remaining_time":0.5091394871},
{"learn":[0.5397407913],"iteration":504,"passed_time":5.975630088,"remaining_time":0.4969830964},
{"learn":[0.5396331787],"iteration":505,"passed_time":5.97922909,"remaining_time":0.4844829895},
{"learn":[0.539562645],"iteration":506,"passed_time":5.982823582,"remaining_time":0.4720176396},
{"learn":[0.5394428253],"iteration":507,"passed_time":5.992536834,"remaining_time":0.4600569617},
{"learn":[0.5392202377],"iteration":508,"passed_time":6.038417274,"remaining_time":0.4508052189},
{"learn":[0.5391047668],"iteration":509,"passed_time":6.042155413,"remaining_time":0.4383524516},
{"learn":[0.5389935303],"iteration":510,"passed_time":6.047519914,"remaining_time":0.4260483696},
{"learn":[0.5388441467],"iteration":511,"passed_time":6.051857028,"remaining_time":0.4137011641},
{"learn":[0.5386890411],"iteration":512,"passed_time":6.055773885,"remaining_time":0.4013573335},
{"learn":[0.5384454346],"iteration":513,"passed_time":6.059633349,"remaining_time":0.389042608},
{"learn":[0.5383735275],"iteration":514,"passed_time":6.065250948,"remaining_time":0.3768699618},
{"learn":[0.538299408],"iteration":515,"passed_time":6.089292621,"remaining_time":0.3658295955},
{"learn":[0.5381953812],"iteration":516,"passed_time":6.092183431,"remaining_time":0.3535116111},
{"learn":[0.537980423],"iteration":517,"passed_time":6.112658862,"remaining_time":0.3422144923},
{"learn":[0.5378951263],"iteration":518,"passed_time":6.116876293,"remaining_time":0.3300048867},
{"learn":[0.5378677368],"iteration":519,"passed_time":6.119662223,"remaining_time":0.3177516923},
{"learn":[0.5377731323],"iteration":520,"passed_time":6.12305935,"remaining_time":0.3055653418},
{"learn":[0.5376589966],"iteration":521,"passed_time":6.13062859,"remaining_time":0.2936124804},
{"learn":[0.5375376511],"iteration":522,"passed_time":6.135022839,"remaining_time":0.2815306848},
{"learn":[0.5374360275],"iteration":523,"passed_time":6.138832662,"remaining_time":0.2694525787},
{"learn":[0.5373228836],"iteration":524,"passed_time":6.195074976,"remaining_time":0.2596031419},
{"learn":[0.5372082901],"iteration":525,"passed_time":6.198079543,"remaining_time":0.2474518449},
{"learn":[0.537050972],"iteration":526,"passed_time":6.201124922,"remaining_time":0.2353368092},
{"learn":[0.5369630051],"iteration":527,"passed_time":6.204173037,"remaining_time":0.2232562267},
{"learn":[0.5368557358],"iteration":528,"passed_time":6.20847927,"remaining_time":0.2112526028},
{"learn":[0.5367265701],"iteration":529,"passed_time":6.213985139,"remaining_time":0.1993165045},
{"learn":[0.5366280746],"iteration":530,"passed_time":6.229367475,"remaining_time":0.1877022215},
{"learn":[0.53649189],"iteration":531,"passed_time":6.244767773,"remaining_time":0.1760742793},
{"learn":[0.536316452],"iteration":532,"passed_time":6.270928659,"remaining_time":0.1647148241},
{"learn":[0.5361956406],"iteration":533,"passed_time":6.277420013,"remaining_time":0.1528210864},
{"learn":[0.5360779572],"iteration":534,"passed_time":6.280928467,"remaining_time":0.1408806385},
{"learn":[0.535904541],"iteration":535,"passed_time":6.284218204,"remaining_time":0.1289671646},
{"learn":[0.5358089447],"iteration":536,"passed_time":6.287008809,"remaining_time":0.1170765141},
{"learn":[0.5357049179],"iteration":537,"passed_time":6.302623671,"remaining_time":0.105434225},
{"learn":[0.5356047821],"iteration":538,"passed_time":6.311162195,"remaining_time":0.09367216616},
{"learn":[0.5353715134],"iteration":539,"passed_time":6.315431668,"remaining_time":0.0818667068},
{"learn":[0.5351898193],"iteration":540,"passed_time":6.343500976,"remaining_time":0.07035306073},
{"learn":[0.5350775909],"iteration":541,"passed_time":6.346722179,"remaining_time":0.0585490976},
{"learn":[0.534957962],"iteration":542,"passed_time":6.349991865,"remaining_time":0.04677710398},
{"learn":[0.5348184204],"iteration":543,"passed_time":6.35735504,"remaining_time":0.03505894323},
{"learn":[0.5347029877],"iteration":544,"passed_time":6.36142558,"remaining_time":0.02334468103},
{"learn":[0.5345784378],"iteration":545,"passed_time":6.36503847,"remaining_time":0.01165757962},
{"learn":[0.5344054413],"iteration":546,"passed_time":6.376907416,"remaining_time":0}
]}